date,actual,xgb_pred,prophet_pred,hybrid_pred,split_type
2014-02-12,129.568,129.58478,,,train
2014-02-14,576.726,575.11707,,,train
2014-02-15,21.36,21.213472,,,train
2014-02-16,9.04,9.04374,,,train
2014-02-17,54.208,54.29468,,,train
2014-02-18,37.784,37.72158,,,train
2014-02-20,95.59,95.365166,,,train
2014-02-21,8.85,9.05259,,,train
2014-02-22,19.44,19.402689,,,train
2014-02-23,11.364,11.545335,,,train
2014-02-24,55.672,55.17565,,,train
2014-02-27,19.456,19.242308,,,train
2014-03-01,2203.151,2187.8677,,,train
2014-03-02,202.384,203.10645,,,train
2014-03-03,1345.8919999999998,1348.4982,,,train
2014-03-04,370.452,373.175,,,train
2014-03-05,705.562,700.1802,,,train
2014-03-07,1561.062,1564.6013,,,train
2014-03-10,741.956,741.59607,,,train
2014-03-11,918.314,920.8501,,,train
2014-03-14,2108.55,2106.267,,,train
2014-03-15,370.78200000000004,371.53644,,,train
2014-03-16,471.92,469.3969,,,train
2014-03-17,3960.358,3963.448,,,train
2014-03-18,28106.716,27498.861,,,train
2014-03-19,590.762,593.3092,,,train
2014-03-21,4109.816,4116.7803,,,train
2014-03-22,464.09299999999996,465.35007,,,train
2014-03-23,945.064,939.4126,,,train
2014-03-24,65.38,65.413536,,,train
2014-03-25,459.146,461.67236,,,train
2014-03-26,145.13,146.83209,,,train
2014-03-28,1823.8039999999999,1812.5979,,,train
2014-03-29,890.841,887.36945,,,train
2014-03-30,1170.3220000000001,1172.4934,,,train
2014-03-31,1959.552,1955.4633,,,train
2014-04-01,119.88799999999999,120.18918,,,train
2014-04-02,1458.558,1449.2412,,,train
2014-04-03,233.45,233.60022,,,train
2014-04-04,475.844,478.84763,,,train
2014-04-05,5295.098000000001,5264.466,,,train
2014-04-06,1650.69,1660.185,,,train
2014-04-07,1021.1700000000001,1016.88745,,,train
2014-04-08,1958.75,1958.335,,,train
2014-04-11,1915.24,1910.1829,,,train
2014-04-12,1912.123,1896.6315,,,train
2014-04-13,638.576,644.38605,,,train
2014-04-15,294.71999999999997,293.7551,,,train
2014-04-16,39.072,39.192486,,,train
2014-04-18,1020.532,1019.76733,,,train
2014-04-19,205.47,208.10947,,,train
2014-04-20,1250.45,1235.6803,,,train
2014-04-21,845.36,845.06793,,,train
2014-04-22,257.752,258.0814,,,train
2014-04-23,643.98,643.59686,,,train
2014-04-25,2379.9939999999997,2382.1907,,,train
2014-04-26,282.568,282.60706,,,train
2014-04-28,2578.476,2576.4248,,,train
2014-04-29,768.8439999999999,772.21344,,,train
2014-04-30,1048.74,1049.7788,,,train
2014-05-02,506.12,506.174,,,train
2014-05-03,72.632,73.092514,,,train
2014-05-04,187.43200000000002,189.13187,,,train
2014-05-05,260.977,260.1154,,,train
2014-05-06,254.456,255.33347,,,train
2014-05-07,1091.35,1081.8507,,,train
2014-05-08,1799.97,1783.4739,,,train
2014-05-09,394.48,394.44754,,,train
2014-05-10,2343.799,2345.5674,,,train
2014-05-11,1642.802,1647.7278,,,train
2014-05-12,734.846,733.3895,,,train
2014-05-13,898.382,901.9192,,,train
2014-05-14,310.88,309.49454,,,train
2014-05-16,289.28,291.1662,,,train
2014-05-17,91.68,91.57083,,,train
2014-05-18,948.9480000000001,937.86456,,,train
2014-05-19,91.62,93.50787,,,train
2014-05-20,320.10400000000004,318.82504,,,train
2014-05-21,4264.3279999999995,4235.347,,,train
2014-05-22,180.93,180.4571,,,train
2014-05-23,323.75800000000004,330.13068,,,train
2014-05-24,116.28,116.55107,,,train
2014-05-25,119.53999999999999,119.68477,,,train
2014-05-26,1325.718,1317.2213,,,train
2014-05-27,2157.394,2145.2068,,,train
2014-05-28,221.96800000000002,222.54126,,,train
2014-05-30,1924.913,1920.8073,,,train
2014-05-31,773.7,770.94946,,,train
2014-06-01,5188.5199999999995,5150.1494,,,train
2014-06-02,738.598,738.51685,,,train
2014-06-03,741.336,744.4165,,,train
2014-06-04,456.272,455.5942,,,train
2014-06-06,1374.0010000000002,1378.8528,,,train
2014-06-07,281.397,279.64825,,,train
2014-06-08,2501.264,2492.7793,,,train
2014-06-09,5463.008,5453.996,,,train
2014-06-10,491.55,486.23727,,,train
2014-06-13,14.52,14.639201,,,train
2014-06-14,212.94,212.58496,,,train
2014-06-15,942.9739999999999,945.8122,,,train
2014-06-16,763.792,764.5281,,,train
2014-06-17,3418.5020000000004,3397.0325,,,train
2014-06-18,139.8,139.38208,,,train
2014-06-20,1828.9496,1830.1467,,,train
2014-06-21,4107.443,4093.02,,,train
2014-06-22,1975.498,1974.8551,,,train
2014-06-23,109.49600000000001,110.019394,,,train
2014-06-24,4.272,4.2912607,,,train
2014-06-25,792.76,794.8657,,,train
2014-06-27,616.14,616.88446,,,train
2014-06-28,1645.791,1639.7915,,,train
2014-06-29,46.68,47.765656,,,train
2014-06-30,739.624,740.59534,,,train
2014-07-01,601.0239999999999,600.8207,,,train
2014-07-02,79.56,79.7679,,,train
2014-07-04,247.40800000000002,248.72147,,,train
2014-07-05,1444.104,1442.8622,,,train
2014-07-06,1038.472,1028.1531,,,train
2014-07-07,241.19400000000002,240.09196,,,train
2014-07-08,763.0740000000001,760.6191,,,train
2014-07-09,265.521,267.95892,,,train
2014-07-11,2187.206,2187.4304,,,train
2014-07-12,1960.012,1963.7932,,,train
2014-07-13,351.216,347.68597,,,train
2014-07-14,292.594,294.91678,,,train
2014-07-15,9.51,9.787583,,,train
2014-07-18,273.04,272.9573,,,train
2014-07-19,461.326,454.7311,,,train
2014-07-20,2285.786,2284.6692,,,train
2014-07-21,1961.482,1949.6775,,,train
2014-07-22,1348.344,1351.1719,,,train
2014-07-23,2613.1839999999997,2605.0403,,,train
2014-07-25,8341.289999999999,8152.6177,,,train
2014-07-26,5039.994,5033.0117,,,train
2014-07-27,580.06,580.99994,,,train
2014-07-28,193.152,195.47061,,,train
2014-07-30,1367.84,1356.1528,,,train
2014-08-01,228.328,229.12332,,,train
2014-08-02,886.28,886.66144,,,train
2014-08-03,477.994,478.44373,,,train
2014-08-04,2743.154,2727.0078,,,train
2014-08-05,2408.7239999999997,2401.3955,,,train
2014-08-06,262.89,261.5776,,,train
2014-08-08,3955.629,3960.0166,,,train
2014-08-09,3605.6850000000004,3583.2559,,,train
2014-08-11,451.62,453.24518,,,train
2014-08-12,1832.38,1843.2489,,,train
2014-08-15,842.7819999999999,854.03467,,,train
2014-08-16,853.092,852.3761,,,train
2014-08-17,500.342,501.18274,,,train
2014-08-19,1439.106,1438.1641,,,train
2014-08-20,1838.722,1818.1663,,,train
2014-08-22,23.104,23.334957,,,train
2014-08-23,565.224,568.64294,,,train
2014-08-24,59.74,59.69554,,,train
2014-08-25,1451.6499999999999,1448.2721,,,train
2014-08-26,366.81,368.46762,,,train
2014-08-27,2070.13,2054.1973,,,train
2014-08-29,832.3225,825.2217,,,train
2014-08-30,121.24,120.82012,,,train
2014-08-31,92.52,92.96214,,,train
2014-09-01,469.436,468.7758,,,train
2014-09-02,3254.15,3243.0552,,,train
2014-09-03,22.08,22.375587,,,train
2014-09-05,296.304,295.71057,,,train
2014-09-06,100.36,100.295166,,,train
2014-09-07,3523.875,3527.1553,,,train
2014-09-08,14228.428,14182.985,,,train
2014-09-09,4043.5879999999997,4049.381,,,train
2014-09-10,1855.2279999999998,1849.9551,,,train
2014-09-11,127.95,128.10243,,,train
2014-09-12,4904.66,4896.831,,,train
2014-09-13,1275.408,1287.3315,,,train
2014-09-14,5023.716,5055.8384,,,train
2014-09-15,133.436,133.7992,,,train
2014-09-16,33.552,33.447372,,,train
2014-09-17,820.523,826.0167,,,train
2014-09-19,9338.637,9243.089,,,train
2014-09-20,5335.968000000001,5303.805,,,train
2014-09-21,2679.652,2678.8218,,,train
2014-09-22,1240.266,1246.6932,,,train
2014-09-23,10662.337000000001,10604.963,,,train
2014-09-24,211.96,212.40567,,,train
2014-09-25,354.88880000000006,356.03552,,,train
2014-09-26,1480.614,1502.489,,,train
2014-09-27,773.4399999999999,768.0881,,,train
2014-09-28,490.29200000000003,490.359,,,train
2014-09-29,8109.07,8046.351,,,train
2014-09-30,987.532,983.5679,,,train
2014-10-01,4.71,4.8159986,,,train
2014-10-02,598.144,596.6865,,,train
2014-10-03,862.683,863.9807,,,train
2014-10-04,728.7479999999999,726.20825,,,train
2014-10-05,191.9,192.0774,,,train
2014-10-06,494.71,495.55206,,,train
2014-10-07,237.35999999999999,237.5841,,,train
2014-10-08,147.392,147.62598,,,train
2014-10-09,249.35999999999999,248.98607,,,train
2014-10-10,2049.386,2040.6282,,,train
2014-10-11,1381.164,1385.4739,,,train
2014-10-12,58.53,58.640053,,,train
2014-10-13,2212.182,2214.7903,,,train
2014-10-14,4525.484,4481.226,,,train
2014-10-15,206.72400000000002,207.11502,,,train
2014-10-16,194.322,191.6155,,,train
2014-10-17,136.068,137.09006,,,train
2014-10-18,3134.916,3140.5217,,,train
2014-10-19,641.104,642.51,,,train
2014-10-20,1501.104,1496.3917,,,train
2014-10-21,1356.602,1359.0896,,,train
2014-10-22,223.808,224.02159,,,train
2014-10-24,56.49,56.52496,,,train
2014-10-25,103.882,104.227036,,,train
2014-10-26,447.88,447.88583,,,train
2014-10-27,22.32,22.448227,,,train
2014-10-28,1510.5819999999999,1506.3271,,,train
2014-10-29,2813.8120000000004,2743.539,,,train
2014-10-31,5362.026,5350.293,,,train
2014-11-01,4732.08,4727.574,,,train
2014-11-02,2126.37,2125.5977,,,train
2014-11-03,2784.163,2790.8071,,,train
2014-11-04,6693.7480000000005,6623.9575,,,train
2014-11-05,1694.564,1697.5214,,,train
2014-11-06,43.68,43.76841,,,train
2014-11-07,1449.142,1463.9419,,,train
2014-11-08,333.576,333.6905,,,train
2014-11-09,1574.094,1571.7822,,,train
2014-11-10,2002.556,2001.5109,,,train
2014-11-11,8114.548,8122.2007,,,train
2014-11-12,1054.7612,1054.8853,,,train
2014-11-14,1034.73,1044.0823,,,train
2014-11-15,1780.822,1768.5767,,,train
2014-11-16,1355.9285,1353.3723,,,train
2014-11-17,11544.274,11431.815,,,train
2014-11-18,3406.855,3467.8848,,,train
2014-11-19,7226.086,7198.4136,,,train
2014-11-20,907.5600000000001,905.0806,,,train
2014-11-21,1249.622,1243.7891,,,train
2014-11-22,1103.298,1100.171,,,train
2014-11-23,1363.28,1372.8527,,,train
2014-11-24,5578.606,5581.2275,,,train
2014-11-25,4415.695,4411.4453,,,train
2014-11-26,1705.99,1707.8165,,,train
2014-11-27,203.66,202.8765,,,train
2014-11-28,2280.83,2279.685,,,train
2014-11-29,649.044,648.3719,,,train
2014-11-30,219.154,223.57567,,,train
2014-12-01,5624.39,5598.4277,,,train
2014-12-02,1771.808,1775.9448,,,train
2014-12-03,505.88,505.31573,,,train
2014-12-04,129.98,129.10378,,,train
2014-12-05,2963.642,2968.873,,,train
2014-12-06,1970.978,1961.0791,,,train
2014-12-07,548.4,550.81213,,,train
2014-12-08,1095.12,1104.6743,,,train
2014-12-09,1522.652,1515.6667,,,train
2014-12-10,573.336,573.4632,,,train
2014-12-12,4938.4045,4950.0205,,,train
2014-12-13,293.152,293.11053,,,train
2014-12-14,7641.658,7475.2603,,,train
2014-12-15,1264.466,1260.8439,,,train
2014-12-16,4394.187,4444.543,,,train
2014-12-17,45.534,45.81765,,,train
2014-12-19,3436.7599999999998,3447.4575,,,train
2014-12-20,6962.4400000000005,6972.4937,,,train
2014-12-21,1933.44,1917.976,,,train
2014-12-22,798.968,802.7376,,,train
2014-12-23,942.108,947.6696,,,train
2014-12-24,1950.202,1945.4647,,,train
2014-12-26,2041.414,2063.415,,,train
2014-12-27,2966.388,2956.911,,,train
2014-12-28,3732.2960000000003,3708.9045,,,train
2014-12-29,2072.096,2072.263,,,train
2014-12-30,2172.6510000000003,2182.1794,,,train
2014-12-31,5253.2699999999995,5233.584,,,train
2015-01-02,1932.096,1931.2273,,,train
2015-01-03,1768.2215999999999,1760.2334,,,train
2015-01-04,264.46000000000004,265.45645,,,train
2015-01-05,295.272,296.1577,,,train
2015-01-06,31.538,31.63144,,,train
2015-01-09,364.07,363.76694,,,train
2015-01-10,1018.104,1011.4311,,,train
2015-01-12,854.614,847.804,,,train
2015-01-13,622.278,623.09265,,,train
2015-01-17,350.384,352.41547,,,train
2015-01-19,301.742,297.01477,,,train
2015-01-23,43.66,43.80106,,,train
2015-01-24,13.12,13.349924,,,train
2015-01-26,182.72,183.18689,,,train
2015-01-27,3573.252,3566.059,,,train
2015-01-28,4297.644,4274.848,,,train
2015-01-30,2161.6400000000003,2157.8994,,,train
2015-01-31,99.26,99.77763,,,train
2015-02-03,492.836,498.23553,,,train
2015-02-06,2432.544,2428.406,,,train
2015-02-07,324.10999999999996,323.91656,,,train
2015-02-08,129.09199999999998,129.62643,,,train
2015-02-09,785.5519999999999,785.4391,,,train
2015-02-10,77.24,77.005295,,,train
2015-02-14,1079.962,1079.945,,,train
2015-02-15,1602.38,1608.039,,,train
2015-02-16,160.43,161.16495,,,train
2015-02-18,105.844,106.01912,,,train
2015-02-20,316.78000000000003,316.77814,,,train
2015-02-21,2591.1,2515.5366,,,train
2015-02-22,79.36,79.69646,,,train
2015-02-23,37.775999999999996,38.283504,,,train
2015-02-25,25.869999999999997,25.794128,,,train
2015-02-27,1159.2710000000002,1162.1271,,,train
2015-02-28,551.264,550.2467,,,train
2015-03-01,1642.1743999999999,1633.422,,,train
2015-03-02,899.5699999999999,894.31696,,,train
2015-03-05,1969.267,1981.554,,,train
2015-03-06,1555.244,1532.8285,,,train
2015-03-07,807.54,819.104,,,train
2015-03-08,2563.2960000000003,2553.418,,,train
2015-03-09,478.008,477.6134,,,train
2015-03-10,90.93199999999999,91.04634,,,train
2015-03-12,51.016000000000005,51.468483,,,train
2015-03-13,1384.856,1380.2384,,,train
2015-03-14,707.9000000000001,707.03217,,,train
2015-03-15,16.776,16.821285,,,train
2015-03-16,7230.209999999999,7199.2446,,,train
2015-03-17,48.84,48.781876,,,train
2015-03-19,5652.9396,5643.1685,,,train
2015-03-20,1548.194,1552.8859,,,train
2015-03-21,1270.3790000000001,1268.686,,,train
2015-03-22,2481.424,2460.28,,,train
2015-03-23,633.302,637.3295,,,train
2015-03-24,412.95,414.77597,,,train
2015-03-26,4623.37,4583.2803,,,train
2015-03-27,83.7,83.83532,,,train
2015-03-28,243.344,243.82977,,,train
2015-03-29,1559.0800000000002,1565.5145,,,train
2015-03-30,571.224,571.7242,,,train
2015-03-31,200.716,201.09247,,,train
2015-04-02,299.22,300.80142,,,train
2015-04-04,1484.598,1473.444,,,train
2015-04-05,2974.058,2959.0625,,,train
2015-04-06,140.004,141.91162,,,train
2015-04-07,907.436,911.09393,,,train
2015-04-09,757.992,744.7898,,,train
2015-04-10,169.54199999999997,172.1972,,,train
2015-04-11,1328.346,1329.754,,,train
2015-04-12,40.74,40.740993,,,train
2015-04-13,3192.6780000000003,3186.7966,,,train
2015-04-14,35.208,35.09504,,,train
2015-04-16,4161.972,4165.248,,,train
2015-04-17,2745.106,2740.7803,,,train
2015-04-18,2006.96,2014.4692,,,train
2015-04-19,329.96,329.02505,,,train
2015-04-20,1194.726,1193.8926,,,train
2015-04-21,893.0899999999999,893.05457,,,train
2015-04-22,152.916,152.51997,,,train
2015-04-24,25.99,25.997736,,,train
2015-04-25,920.946,927.7396,,,train
2015-04-26,2090.1055,2062.5322,,,train
2015-04-27,2719.59,2709.5044,,,train
2015-04-28,4044.3619999999996,3988.1108,,,train
2015-04-29,7.968,7.982007,,,train
2015-04-30,1571.695,1572.9436,,,train
2015-05-01,450.94,453.32077,,,train
2015-05-02,167.232,167.47304,,,train
2015-05-03,2198.76,2196.8298,,,train
2015-05-04,1121.362,1118.1228,,,train
2015-05-07,305.622,303.76575,,,train
2015-05-08,3981.968,3917.4028,,,train
2015-05-09,48.81,48.9226,,,train
2015-05-10,154.442,155.50168,,,train
2015-05-11,191.968,192.11505,,,train
2015-05-12,1060.35,1073.41,,,train
2015-05-13,238.384,237.87679,,,train
2015-05-14,3141.1994999999997,3134.4607,,,train
2015-05-15,69.908,70.018875,,,train
2015-05-16,255.968,254.25987,,,train
2015-05-17,134.46800000000002,134.66327,,,train
2015-05-18,10.86,10.911192,,,train
2015-05-20,169.54399999999998,168.97333,,,train
2015-05-21,72.332,72.41948,,,train
2015-05-22,3862.0980000000004,3830.2668,,,train
2015-05-23,1304.956,1299.807,,,train
2015-05-24,610.3069999999999,608.85394,,,train
2015-05-25,1739.4180000000001,1740.0125,,,train
2015-05-26,982.5640000000001,986.80554,,,train
2015-05-28,794.146,799.8401,,,train
2015-05-29,1204.842,1208.3016,,,train
2015-05-30,681.1,681.3946,,,train
2015-05-31,5178.138,5173.976,,,train
2015-06-01,834.1980000000001,839.60974,,,train
2015-06-04,1192.31,1189.2808,,,train
2015-06-05,1533.1979999999999,1519.3899,,,train
2015-06-07,59.768,60.504044,,,train
2015-06-08,1083.112,1088.7284,,,train
2015-06-09,797.116,796.5331,,,train
2015-06-11,3373.5640000000003,3368.0818,,,train
2015-06-12,174.476,174.62703,,,train
2015-06-13,1128.898,1134.1462,,,train
2015-06-14,51.072,51.69796,,,train
2015-06-15,734.144,732.85114,,,train
2015-06-16,3443.904,3391.35,,,train
2015-06-18,1883.087,1888.4358,,,train
2015-06-19,446.346,446.09146,,,train
2015-06-20,829.544,830.5416,,,train
2015-06-21,107.976,106.53823,,,train
2015-06-22,2018.953,2009.3025,,,train
2015-06-23,836.9580000000001,839.9934,,,train
2015-06-25,857.08,863.39075,,,train
2015-06-26,1592.1960000000001,1590.0751,,,train
2015-06-28,1386.466,1373.654,,,train
2015-06-29,432.92600000000004,433.5153,,,train
2015-07-02,1631.902,1635.914,,,train
2015-07-03,823.982,819.46936,,,train
2015-07-04,1138.288,1135.8749,,,train
2015-07-05,121.646,124.49589,,,train
2015-07-06,1379.812,1368.9551,,,train
2015-07-08,21.12,21.377283,,,train
2015-07-09,1587.114,1585.6831,,,train
2015-07-10,43.286,43.280388,,,train
2015-07-11,1941.952,1936.4927,,,train
2015-07-12,2052.567,2031.5294,,,train
2015-07-13,2033.2559999999999,2016.1652,,,train
2015-07-14,860.9159999999999,858.3055,,,train
2015-07-16,3029.386,3024.3699,,,train
2015-07-17,448.082,449.19815,,,train
2015-07-18,672.418,671.03644,,,train
2015-07-19,2.025,2.1114259,,,train
2015-07-20,2693.168,2677.3271,,,train
2015-07-23,208.272,208.01476,,,train
2015-07-24,525.95,528.1115,,,train
2015-07-25,2395.024,2391.3667,,,train
2015-07-26,969.225,971.89136,,,train
2015-07-27,29.97,29.93805,,,train
2015-07-30,443.802,446.335,,,train
2015-07-31,3712.162,3694.8323,,,train
2015-08-01,1011.696,1003.54083,,,train
2015-08-02,1290.478,1290.7788,,,train
2015-08-05,72.65,72.49959,,,train
2015-08-06,494.86920000000003,492.97437,,,train
2015-08-07,968.206,975.3946,,,train
2015-08-08,840.102,835.903,,,train
2015-08-09,4878.392000000001,4849.585,,,train
2015-08-10,851.4739999999999,847.64294,,,train
2015-08-11,196.112,196.32639,,,train
2015-08-13,586.896,586.89215,,,train
2015-08-15,497.59000000000003,497.4727,,,train
2015-08-16,3378.9320000000002,3384.6921,,,train
2015-08-17,381.64,384.1421,,,train
2015-08-21,2827.52,2835.8416,,,train
2015-08-22,66.632,66.72717,,,train
2015-08-23,1202.278,1202.7166,,,train
2015-08-24,7194.775000000001,7172.1377,,,train
2015-08-25,178.52599999999998,179.00723,,,train
2015-08-27,639.9739999999999,638.80414,,,train
2015-08-28,6491.293,6426.789,,,train
2015-08-29,246.5,246.92041,,,train
2015-08-31,2601.797,2603.0962,,,train
2015-09-01,2367.564,2374.1191,,,train
2015-09-03,1874.898,1871.186,,,train
2015-09-04,1071.284,1063.1616,,,train
2015-09-05,934.1030000000001,935.68866,,,train
2015-09-06,1005.654,1007.31573,,,train
2015-09-07,2922.667,2916.6875,,,train
2015-09-08,89.64,91.641045,,,train
2015-09-10,1415.726,1414.4163,,,train
2015-09-11,1962.13,1949.9835,,,train
2015-09-12,707.824,705.4822,,,train
2015-09-13,3445.772,3454.8816,,,train
2015-09-14,3262.42,3219.8335,,,train
2015-09-15,2535.85,2540.761,,,train
2015-09-16,31.12,31.37188,,,train
2015-09-17,11525.006,11404.154,,,train
2015-09-18,3924.32,3910.8203,,,train
2015-09-19,500.38,513.14514,,,train
2015-09-20,1836.052,1832.3904,,,train
2015-09-21,6982.058,7010.1904,,,train
2015-09-22,1783.504,1774.6633,,,train
2015-09-24,4220.594,4214.7686,,,train
2015-09-25,3033.757,3031.1606,,,train
2015-09-26,3722.273,3726.861,,,train
2015-09-27,2382.958,2370.4456,,,train
2015-09-28,1058.364,1064.9244,,,train
2015-10-01,1158.414,1155.3159,,,train
2015-10-02,1269.266,1273.3965,,,train
2015-10-03,275.218,276.89862,,,train
2015-10-04,505.58,503.71976,,,train
2015-10-05,851.092,850.8592,,,train
2015-10-08,222.12,223.2695,,,train
2015-10-09,2133.5350000000003,2138.401,,,train
2015-10-10,2248.194,2235.1846,,,train
2015-10-11,1011.8955,1015.99335,,,train
2015-10-12,2390.758,2386.4424,,,train
2015-10-13,371.65999999999997,372.10742,,,train
2015-10-15,3219.554,3225.481,,,train
2015-10-16,824.97,805.10156,,,train
2015-10-17,77.88,77.67684,,,train
2015-10-18,378.494,379.45654,,,train
2015-10-19,2135.09,2129.237,,,train
2015-10-20,720.086,725.007,,,train
2015-10-22,15.128,15.168225,,,train
2015-10-23,2262.296,2252.3008,,,train
2015-10-24,831.145,833.89374,,,train
2015-10-25,1425.412,1420.0454,,,train
2015-10-26,1395.333,1396.6067,,,train
2015-10-28,104.51,105.08269,,,train
2015-10-29,244.24,244.60349,,,train
2015-10-30,2122.044,2121.012,,,train
2015-10-31,3211.009,3216.877,,,train
2015-11-01,3106.1059999999998,3084.2253,,,train
2015-11-02,5528.551,5530.423,,,train
2015-11-03,2800.846,2799.6953,,,train
2015-11-05,834.874,844.3009,,,train
2015-11-06,11.481,11.580574,,,train
2015-11-07,3073.073,3064.7354,,,train
2015-11-08,12196.997,12149.964,,,train
2015-11-09,4620.2919999999995,4584.684,,,train
2015-11-10,3536.904,3538.3643,,,train
2015-11-11,542.178,539.3506,,,train
2015-11-12,1127.992,1135.8716,,,train
2015-11-13,3591.0771999999997,3596.1726,,,train
2015-11-14,2512.71,2530.697,,,train
2015-11-15,702.17,703.0729,,,train
2015-11-16,4072.334,4086.0957,,,train
2015-11-17,3885.986,3839.4966,,,train
2015-11-19,1040.784,1041.6711,,,train
2015-11-20,2861.15,2864.3174,,,train
2015-11-21,3613.5748,3616.8804,,,train
2015-11-22,614.499,620.59045,,,train
2015-11-23,3450.1879999999996,3420.778,,,train
2015-11-24,1218.7640000000001,1232.0496,,,train
2015-11-25,13.12,13.283562,,,train
2015-11-26,1484.0819999999999,1486.1672,,,train
2015-11-27,3109.7835,3088.1382,,,train
2015-11-28,1864.482,1866.0795,,,train
2015-11-29,2760.168,2754.8813,,,train
2015-11-30,1798.3970000000002,1801.0209,,,train
2015-12-01,7130.594,6993.334,,,train
2015-12-03,1972.645,1968.7358,,,train
2015-12-04,5185.814,5200.9824,,,train
2015-12-05,897.322,903.8259,,,train
2015-12-06,6061.502,6071.3916,,,train
2015-12-07,1338.298,1333.0527,,,train
2015-12-08,2672.728,2666.1118,,,train
2015-12-09,34.02,34.128494,,,train
2015-12-10,3080.38,3073.7803,,,train
2015-12-11,1590.894,1622.2362,,,train
2015-12-12,1448.854,1449.231,,,train
2015-12-13,1023.386,1025.5403,,,train
2015-12-14,858.304,864.2889,,,train
2015-12-15,5494.796,5356.9727,,,train
2015-12-16,4.98,5.010309,,,train
2015-12-17,1918.492,1920.8678,,,train
2015-12-18,935.288,942.5739,,,train
2015-12-19,6120.656,6070.627,,,train
2015-12-20,1107.464,1108.268,,,train
2015-12-21,3257.7599999999998,3284.3706,,,train
2015-12-22,473.313,472.25873,,,train
2015-12-23,194.32,193.20517,,,train
2015-12-24,7484.566000000001,7519.0513,,,train
2015-12-25,4204.968,4211.457,,,train
2015-12-26,561.486,561.80457,,,train
2015-12-27,5148.4472,5160.5054,,,train
2015-12-28,79.2,79.16558,,,train
2015-12-29,6.36,6.4157743,,,train
2015-12-30,3251.34,3220.6506,,,train
2015-12-31,1381.344,1381.2734,,,train
2016-01-02,405.91999999999996,407.46136,,,train
2016-01-03,2095.83,2091.4463,,,train
2016-01-04,1069.22,1058.6808,,,train
2016-01-05,255.904,256.05392,,,train
2016-01-07,83.576,84.07887,,,train
2016-01-08,1859.1580000000001,1855.8187,,,train
2016-01-09,743.0459999999999,742.28015,,,train
2016-01-10,174.75,174.95529,,,train
2016-01-11,149.444,152.69319,,,train
2016-01-14,405.344,406.6933,,,train
2016-01-15,701.923,702.69196,,,train
2016-01-16,102.21799999999999,102.00048,,,train
2016-01-17,1040.55,1030.1642,,,train
2016-01-21,1167.056,1162.4272,,,train
2016-01-22,917.63,919.27997,,,train
2016-01-23,1732.3,1720.6417,,,train
2016-01-24,31.36,31.539183,,,train
2016-01-25,858.712,859.6698,,,train
2016-01-28,39.68,39.790554,,,train
2016-01-30,3107.316,3100.403,,,train
2016-01-31,1601.5539999999999,1599.9701,,,train
2016-02-01,161.97,162.05493,,,train
2016-02-02,8996.784,8953.194,,,train
2016-02-03,866.4,860.7942,,,train
2016-02-04,197.868,198.14972,,,train
2016-02-05,2994.476,2995.9521,,,train
2016-02-06,132.224,132.87543,,,train
2016-02-07,762.142,761.24835,,,train
2016-02-08,1369.476,1357.4174,,,train
2016-02-09,121.83,122.11395,,,train
2016-02-11,69.93,70.40322,,,train
2016-02-12,1366.04,1359.5391,,,train
2016-02-13,146.82,146.10416,,,train
2016-02-14,837.921,840.8533,,,train
2016-02-15,407.072,406.04102,,,train
2016-02-16,1135.638,1133.008,,,train
2016-02-19,392.65999999999997,393.27097,,,train
2016-02-20,16.496,16.598091,,,train
2016-02-21,1524.126,1523.1528,,,train
2016-02-22,983.17,978.11597,,,train
2016-02-23,57.576,57.862816,,,train
2016-02-25,46.72,46.35623,,,train
2016-02-27,243.892,244.17604,,,train
2016-02-28,36.48,36.456997,,,train
2016-02-29,111.104,110.76007,,,train
2016-03-01,6285.8060000000005,6243.8086,,,train
2016-03-03,7264.422,7224.717,,,train
2016-03-04,315.45,315.56415,,,train
2016-03-05,162.344,162.49341,,,train
2016-03-06,811.303,814.1421,,,train
2016-03-07,21.072,21.220512,,,train
2016-03-08,2190.81,2197.4355,,,train
2016-03-09,635.6,638.32227,,,train
2016-03-10,7879.734,7841.7607,,,train
2016-03-11,896.0219999999999,894.26575,,,train
2016-03-12,1694.6419999999998,1698.261,,,train
2016-03-13,8866.882,8850.977,,,train
2016-03-14,669.3679999999999,673.6587,,,train
2016-03-15,2356.808,2355.2817,,,train
2016-03-17,2360.3340000000003,2353.2715,,,train
2016-03-18,1061.682,1059.3829,,,train
2016-03-19,138.68,139.03978,,,train
2016-03-20,928.311,932.84607,,,train
2016-03-21,645.7059999999999,644.8004,,,train
2016-03-22,226.46800000000002,226.3342,,,train
2016-03-24,745.774,745.49744,,,train
2016-03-25,1346.97,1341.4319,,,train
2016-03-26,682.246,683.04663,,,train
2016-03-27,92.69999999999999,92.73691,,,train
2016-03-28,125.30000000000001,126.37415,,,train
2016-03-29,2659.339,2655.0615,,,train
2016-03-30,11.34,11.3689575,,,train
2016-03-31,640.762,639.2882,,,train
2016-04-01,2161.48,2174.1462,,,train
2016-04-02,1454.9,1434.7191,,,train
2016-04-03,441.198,442.07352,,,train
2016-04-04,970.194,969.5917,,,train
2016-04-05,1046.3339999999998,1046.0756,,,train
2016-04-06,1294.75,1292.6539,,,train
2016-04-07,1970.574,1967.1896,,,train
2016-04-08,2906.404,2905.936,,,train
2016-04-09,1115.197,1112.7555,,,train
2016-04-10,950.594,952.7528,,,train
2016-04-12,1542.53,1541.4353,,,train
2016-04-13,6.12,6.335366,,,train
2016-04-14,1466.572,1462.0005,,,train
2016-04-15,2201.8559999999998,2199.4797,,,train
2016-04-16,9335.086000000001,9113.636,,,train
2016-04-17,421.08500000000004,423.41534,,,train
2016-04-18,2514.538,2512.2078,,,train
2016-04-19,1414.132,1422.7856,,,train
2016-04-21,271.616,275.39038,,,train
2016-04-22,1765.4650000000001,1766.3546,,,train
2016-04-23,720.368,729.5824,,,train
2016-04-24,1607.1,1599.8418,,,train
2016-04-25,108.42,108.35011,,,train
2016-04-26,434.646,426.6923,,,train
2016-04-28,486.672,489.33572,,,train
2016-04-30,142.208,142.59943,,,train
2016-05-01,517.866,519.9884,,,train
2016-05-02,1098.136,1099.6093,,,train
2016-05-03,1099.013,1096.725,,,train
2016-05-05,2701.28,2680.8914,,,train
2016-05-06,236.96,236.93788,,,train
2016-05-07,4835.976,4791.1904,,,train
2016-05-08,1340.2440000000001,1336.1747,,,train
2016-05-09,1283.512,1292.2,,,train
2016-05-10,763.0200000000001,756.7727,,,train
2016-05-11,5.98,5.9956007,,,train
2016-05-12,918.878,921.0031,,,train
2016-05-14,455.93,460.88654,,,train
2016-05-15,648.9119999999999,650.6269,,,train
2016-05-16,880.4599999999999,875.31726,,,train
2016-05-17,346.922,349.6864,,,train
2016-05-18,122.22,122.40683,,,train
2016-05-19,1582.008,1578.166,,,train
2016-05-20,2471.913,2460.88,,,train
2016-05-21,2718.2140000000004,2713.2449,,,train
2016-05-22,1799.2,1798.3059,,,train
2016-05-23,10560.978000000001,10350.23,,,train
2016-05-24,277.756,278.25848,,,train
2016-05-25,1311.97,1313.058,,,train
2016-05-26,1975.356,2017.2706,,,train
2016-05-27,5305.078,5308.669,,,train
2016-05-28,2137.324,2136.447,,,train
2016-05-29,1063.185,1064.205,,,train
2016-05-30,8090.578,8042.246,,,train
2016-05-31,438.85900000000004,438.93878,,,train
2016-06-02,157.844,159.60907,,,train
2016-06-03,71.088,70.64899,,,train
2016-06-04,2316.5229999999997,2315.9487,,,train
2016-06-05,659.82,664.3018,,,train
2016-06-06,6026.312,6018.1743,,,train
2016-06-07,51.562,52.450077,,,train
2016-06-09,1688.4720000000002,1676.8623,,,train
2016-06-10,1412.3960000000002,1415.5006,,,train
2016-06-11,1623.416,1620.198,,,train
2016-06-12,2962.563,2967.7104,,,train
2016-06-13,430.43800000000005,430.05905,,,train
2016-06-14,3457.099,3426.0132,,,train
2016-06-15,173.488,174.77289,,,train
2016-06-16,147.27499999999998,148.47615,,,train
2016-06-17,3000.92,2998.637,,,train
2016-06-18,541.938,536.39874,,,train
2016-06-19,17.12,17.117321,,,train
2016-06-20,1229.548,1241.1162,,,train
2016-06-21,577.108,574.0971,,,train
2016-06-23,2475.094,2466.6282,,,train
2016-06-24,5310.952,5276.738,,,train
2016-06-25,893.266,891.0676,,,train
2016-06-26,1919.6000000000001,1920.3914,,,train
2016-06-27,778.7059999999999,776.8226,,,train
2016-06-28,877.156,879.21875,,,train
2016-06-29,191.88,192.25185,,,train
2016-06-30,1352.9499999999998,1350.68,,,train
2016-07-01,1724.376,1724.1713,,,train
2016-07-02,772.786,772.3845,,,train
2016-07-03,847.6999999999999,848.7504,,,train
2016-07-04,1651.301,1638.6685,,,train
2016-07-07,3882.2309999999998,3872.8086,,,train
2016-07-08,2616.512,2614.16,,,train
2016-07-09,573.286,576.41376,,,train
2016-07-10,895.895,896.2851,,,train
2016-07-12,95.76,96.14093,,,train
2016-07-14,2149.96,2149.8694,,,train
2016-07-15,380.2,379.95758,,,train
2016-07-16,910.17,921.44946,,,train
2016-07-17,2184.88,2176.2185,,,train
2016-07-18,2891.858,2890.1206,,,train
2016-07-19,1536.454,1532.985,,,train
2016-07-20,89.95,89.205414,,,train
2016-07-21,991.095,987.436,,,train
2016-07-22,1368.048,1370.0935,,,train
2016-07-23,654.587,657.2783,,,train
2016-07-24,326.964,326.2771,,,train
2016-07-25,5920.488,5924.189,,,train
2016-07-28,2033.374,2019.6838,,,train
2016-07-29,819.154,825.0614,,,train
2016-07-30,1770.7759999999998,1762.9263,,,train
2016-07-31,2174.1580000000004,2169.6743,,,train
2016-08-01,1124.648,1125.3469,,,train
2016-08-02,482.584,481.8703,,,train
2016-08-03,248.82,248.53375,,,train
2016-08-04,497.90999999999997,501.69785,,,train
2016-08-05,197.05,195.66705,,,train
2016-08-06,320.38800000000003,320.95206,,,train
2016-08-07,179.97,180.82964,,,train
2016-08-08,1115.204,1108.005,,,train
2016-08-09,661.3539999999999,660.42065,,,train
2016-08-11,151.82,151.69221,,,train
2016-08-12,3951.9605,3843.2158,,,train
2016-08-13,731.524,735.6587,,,train
2016-08-14,923.688,922.4511,,,train
2016-08-15,1680.2659999999998,1678.4775,,,train
2016-08-16,204.54000000000002,205.86897,,,train
2016-08-17,15.712,15.766877,,,train
2016-08-18,496.114,501.1145,,,train
2016-08-19,448.792,448.9934,,,train
2016-08-20,14.78,14.838932,,,train
2016-08-21,4798.2919999999995,4785.02,,,train
2016-08-22,405.35,406.59222,,,train
2016-08-23,4187.348,4190.635,,,train
2016-08-26,4874.298,4869.619,,,train
2016-08-27,767.9110000000001,772.57855,,,train
2016-08-28,322.0248,322.43692,,,train
2016-08-29,632.188,637.6157,,,train
2016-08-30,1656.8700000000001,1658.9364,,,train
2016-08-31,23.968,23.97654,,,train
2016-09-01,5766.152,5761.7393,,,train
2016-09-02,6792.193,6775.9756,,,train
2016-09-03,2365.596,2381.885,,,train
2016-09-04,4532.0419999999995,4554.017,,,train
2016-09-05,5226.348,5228.4844,,,train
2016-09-06,1313.536,1310.0687,,,train
2016-09-08,4493.9836000000005,4486.547,,,train
2016-09-09,84.992,85.11176,,,train
2016-09-10,2094.324,2091.7874,,,train
2016-09-11,6501.586,6444.7383,,,train
2016-09-12,2043.792,2056.7998,,,train
2016-09-13,2374.73,2385.0107,,,train
2016-09-14,1137.338,1123.0553,,,train
2016-09-15,2101.1820000000002,2102.0974,,,train
2016-09-16,425.88599999999997,426.4358,,,train
2016-09-17,2043.126,2052.2185,,,train
2016-09-18,4751.082,4683.2744,,,train
2016-09-19,3839.312,3799.5928,,,train
2016-09-20,1232.004,1233.9054,,,train
2016-09-22,615.57,621.4607,,,train
2016-09-23,1322.145,1321.3708,,,train
2016-09-24,2286.05,2279.1294,,,train
2016-09-25,3443.091,3444.4727,,,train
2016-09-26,2698.1665,2699.2,,,train
2016-09-27,1992.9858,1992.5181,,,train
2016-09-28,99.136,99.25367,,,train
2016-09-29,1307.792,1313.429,,,train
2016-09-30,525.884,525.8691,,,train
2016-10-01,781.414,785.32733,,,train
2016-10-02,18452.972,18109.65,,,train
2016-10-03,1680.696,1678.408,,,train
2016-10-04,5912.782,5927.7046,,,train
2016-10-06,830.4000000000001,830.8244,,,train
2016-10-07,973.712,971.28937,,,train
2016-10-08,561.5360000000001,568.34564,,,train
2016-10-09,546.92,547.2907,,,train
2016-10-10,282.75300000000004,283.01102,,,train
2016-10-11,33.064,33.168278,,,train
2016-10-13,1650.618,1645.4573,,,train
2016-10-14,3335.888,3313.0825,,,train
2016-10-15,1620.15,1624.4832,,,train
2016-10-16,142.182,141.6791,,,train
2016-10-17,2953.346,2953.5854,,,train
2016-10-18,307.92,308.6339,,,train
2016-10-20,946.174,953.3146,,,train
2016-10-21,7951.592,7921.271,,,train
2016-10-22,188.28,190.83711,,,train
2016-10-23,467.42199999999997,467.47253,,,train
2016-10-24,1365.498,1366.6426,,,train
2016-10-25,783.96,773.8034,,,train
2016-10-27,978.7900000000001,982.9798,,,train
2016-10-28,2899.0209999999997,2903.6514,,,train
2016-10-29,131.154,130.85086,,,train
2016-10-30,159.002,159.2069,,,train
2016-10-31,3750.4990000000003,3746.9375,,,train
2016-11-01,453.374,452.73254,,,train
2016-11-03,3802.7960000000003,3800.1907,,,train
2016-11-04,3888.8179999999998,3897.6472,,,train
2016-11-05,4266.8988,4260.2705,,,train
2016-11-06,773.2560000000001,772.8419,,,train
2016-11-07,3810.464,3795.4739,,,train
2016-11-08,993.9000000000001,988.84814,,,train
2016-11-09,479.97,473.10052,,,train
2016-11-10,4723.478,4732.3027,,,train
2016-11-11,4944.296,4949.8315,,,train
2016-11-12,4914.938,4899.2603,,,train
2016-11-13,2945.138,2932.5996,,,train
2016-11-14,2774.0620000000004,2790.6528,,,train
2016-11-15,2145.718,2130.4026,,,train
2016-11-16,36.72,37.456898,,,train
2016-11-17,142.684,142.94577,,,train
2016-11-18,3958.9320000000002,3947.3406,,,train
2016-11-19,638.462,646.1938,,,train
2016-11-20,3070.333,3068.8257,,,train
2016-11-21,1176.891,1171.054,,,train
2016-11-22,317.044,317.6924,,,train
2016-11-23,100.61599999999999,100.63132,,,train
2016-11-24,6394.5380000000005,6366.2476,,,train
2016-11-25,7978.551,7763.626,,,train
2016-11-26,8329.743,8163.1685,,,train
2016-11-27,1651.239,1685.4875,,,train
2016-11-28,3428.372,3432.2515,,,train
2016-11-29,300.592,300.5327,,,train
2016-11-30,970.142,967.4821,,,train
2016-12-01,7365.455,7357.344,,,train
2016-12-02,4684.616,4739.6753,,,train
2016-12-03,5269.816,5234.4077,,,train
2016-12-04,944.2860000000001,944.46326,,,train
2016-12-05,5267.004,5287.701,,,train
2016-12-06,3878.276,3882.8665,,,train
2016-12-08,4709.095,4691.4478,,,train
2016-12-09,1855.483,1862.5297,,,train
2016-12-10,3459.71,3473.4138,,,train
2016-12-11,6102.25,5979.837,,,train
2016-12-12,1981.115,1989.6057,,,train
2016-12-13,1194.088,1190.4078,,,train
2016-12-14,828.654,831.40094,,,train
2016-12-15,2637.087,2631.8872,,,train
2016-12-16,628.5419999999999,633.1,,,train
2016-12-17,12185.134,12170.341,,,train
2016-12-18,7051.35,7034.0273,,,train
2016-12-19,815.1120000000001,820.9507,,,train
2016-12-20,134.54,136.13223,,,train
2016-12-22,1043.128,1041.8889,,,train
2016-12-23,6965.857,6956.418,,,train
2016-12-24,1938.26,1939.9214,,,train
2016-12-25,10488.055,10436.322,,,train
2016-12-26,1829.418,1812.0083,,,train
2016-12-27,959.49,958.5049,,,train
2016-12-29,1277.68,1281.1204,,,train
2016-12-30,773.774,769.7589,,,train
2016-12-31,731.768,736.9669,,,train
2017-01-01,1481.8280000000002,1490.2567,,,train
2017-01-02,2079.554,2078.1455,,,train
2017-01-03,2070.272,2061.808,,,train
2017-01-06,33.74,34.266396,,,train
2017-01-07,3395.59,3395.3738,,,train
2017-01-08,892.98,891.96643,,,train
2017-01-09,274.491,274.1215,,,train
2017-01-12,848.52,848.754,,,train
2017-01-13,4619.33,4573.6504,,,train
2017-01-14,1056.038,1056.5194,,,train
2017-01-15,2140.28,2135.734,,,train
2017-01-16,6230.2919999999995,6239.0757,,,train
2017-01-19,2013.715,1992.0685,,,train
2017-01-20,767.838,773.6427,,,train
2017-01-21,2546.643,2542.8088,,,train
2017-01-22,4212.372,4185.9844,,,train
2017-01-23,450.334,452.31625,,,train
2017-01-24,418.66599999999994,419.29285,,,train
2017-01-26,3055.2799999999997,3058.351,,,train
2017-01-27,331.914,333.96255,,,train
2017-01-28,1007.52,1006.4708,,,train
2017-01-29,294.842,295.6882,,,train
2017-01-30,3749.335,3735.421,,,train
2017-02-02,913.354,917.4839,,,train
2017-02-03,922.327,922.8453,,,train
2017-02-04,32.67,32.862473,,,train
2017-02-05,2263.012,2228.0613,,,train
2017-02-06,904.354,904.84863,,,train
2017-02-09,773.7639999999999,776.7406,,,train
2017-02-10,227.103,227.25716,,,train
2017-02-11,1241.516,1242.4305,,,train
2017-02-13,1058.43,1057.1483,,,train
2017-02-16,1337.442,1335.9597,,,train
2017-02-17,2964.8174,2943.8313,,,train
2017-02-18,287.326,286.1015,,,train
2017-02-19,1314.59,1325.3777,,,train
2017-02-20,1150.29,1154.0319,,,train
2017-02-21,47.904,47.59582,,,train
2017-02-23,117.79999999999998,118.950294,,,train
2017-02-24,1448.676,1436.7902,,,train
2017-02-25,430.49199999999996,431.59802,,,train
2017-02-26,2847.6459999999997,2843.3198,,,train
2017-02-28,17.62,17.73241,,,train
2017-03-02,1450.126,1455.468,,,train
2017-03-03,2000.1039999999998,1995.1605,,,train
2017-03-04,228.822,229.09589,,,train
2017-03-05,1240.02,1238.7942,,,train
2017-03-06,778.236,784.137,,,train
2017-03-07,166.59,167.56377,,,train
2017-03-08,843.1,844.3965,,,train
2017-03-09,710.804,708.4397,,,train
2017-03-10,1252.952,1253.5897,,,train
2017-03-11,1973.708,1940.736,,,train
2017-03-12,353.28,356.70557,,,train
2017-03-13,4791.35,4748.853,,,train
2017-03-14,49.616,49.605156,,,train
2017-03-16,2014.381,2010.3293,,,train
2017-03-17,542.746,548.20337,,,train
2017-03-18,1027.758,1028.5865,,,train
2017-03-19,2166.248,2159.0054,,,train
2017-03-20,899.568,898.7576,,,train
2017-03-21,3332.636,3328.6626,,,train
2017-03-23,14816.068,14685.509,,,train
2017-03-24,1257.298,1252.6013,,,train
2017-03-25,3567.026,3572.3445,,,train
2017-03-26,3252.88,3256.0566,,,train
2017-03-27,2933.516,2929.3516,,,train
2017-03-28,1504.702,1510.1818,,,train
2017-03-29,81.4,81.772964,,,train
2017-03-30,656.407,655.15857,,,train
2017-03-31,4981.010799999999,4960.7695,,,train
2017-04-01,5972.988,5976.073,,,train
2017-04-02,822.97,820.38025,,,train
2017-04-03,32.528,32.842133,,,train
2017-04-04,808.47,807.3645,,,train
2017-04-06,114.41999999999999,113.63253,,,train
2017-04-07,1971.2905,1976.879,,,train
2017-04-08,6401.93,6396.468,,,train
2017-04-09,1626.71,1627.5175,,,train
2017-04-10,755.529,759.12,,,train
2017-04-11,,,1768.5617010062676,1768.5617010062676,
2017-04-11,319.806,1489.6737,1768.5617010062676,1517.5624689287517,test
2017-04-12,69.66,273.67737,775.3243883457328,323.8420701822295,test
2017-04-12,,,775.3243883457328,775.3243883457328,
2017-04-13,1345.8239999999998,1381.8972,1835.2480582538699,1427.232325356637,test
2017-04-13,,,1835.2480582538699,1835.2480582538699,
2017-04-14,652.93,1485.8757,2068.6389393578092,1544.1519798732809,test
2017-04-14,,,2068.6389393578092,2068.6389393578092,
2017-04-15,,,1729.8159083548935,1729.8159083548935,
2017-04-15,332.338,837.9879,1729.8159083548935,927.1706777495518,test
2017-04-16,,,1947.2038457596923,1947.2038457596923,
2017-04-16,944.429,946.7802,1947.2038457596923,1046.8225574275318,test
2017-04-17,,,2092.2874283870897,2092.2874283870897,
2017-04-17,3431.4590000000003,1724.4346,2092.2874283870897,1761.2198317058965,test
2017-04-18,,,1832.319577044947,1832.319577044947,
2017-04-19,,,821.5777952876863,821.5777952876863,
2017-04-20,,,1859.1086174724164,1859.1086174724164,
2017-04-20,2033.24,1467.4785,1859.1086174724164,1506.641452567554,test
2017-04-21,,,2066.116205718336,2066.116205718336,
2017-04-21,1254.564,1418.0201,2066.116205718336,1482.829760220271,test
2017-04-22,,,1697.927237284816,1697.927237284816,
2017-04-22,947.692,469.1859,1697.927237284816,592.0600271952785,test
2017-04-23,1199.222,1796.8265,1884.0535619398127,1805.5491550221063,test
2017-04-23,,,1884.0535619398127,1884.0535619398127,
2017-04-24,928.558,1560.8857,1997.113705005051,1604.5084896411302,test
2017-04-24,,,1997.113705005051,1997.113705005051,
2017-04-25,,,1705.5083367743878,1705.5083367743878,
2017-04-25,678.113,1801.4386,1705.5083367743878,1791.8455114118137,test
2017-04-26,61.608000000000004,812.20483,664.6438478663808,797.4486987514819,test
2017-04-26,,,664.6438478663808,664.6438478663808,
2017-04-27,,,1674.6451296987311,1674.6451296987311,
2017-04-27,576.5756,882.30786,1674.6451296987311,961.5415393370606,test
2017-04-28,,,1857.7144343829714,1857.7144343829714,
2017-04-28,795.296,469.26526,1857.7144343829714,608.1101580379066,test
2017-04-29,,,1470.0692223444353,1470.0692223444353,
2017-04-29,1053.26,174.7248,1470.0692223444353,304.259226311592,test
2017-04-30,1390.1260000000002,1256.84,1641.9811566252965,1295.3539994515922,test
2017-04-30,,,1641.9811566252965,1641.9811566252965,
2017-05-01,4108.37,761.7446,1746.6778948811834,860.2379188826496,test
2017-05-01,,,1746.6778948811834,1746.6778948811834,
2017-05-02,399.11,633.0779,1453.0032573239328,715.0704062987995,test
2017-05-02,,,1453.0032573239328,1453.0032573239328,
2017-05-03,1386.346,1940.825,416.6302399500373,1788.4054556356286,test
2017-05-03,,,416.6302399500373,416.6302399500373,
2017-05-04,1389.4050000000002,1463.0583,1437.768167665281,1460.529258172778,test
2017-05-04,,,1437.768167665281,1437.768167665281,
2017-05-05,,,1638.5209201732562,1638.5209201732562,
2017-05-05,185.123,702.38934,1638.5209201732562,796.0024826423256,test
2017-05-06,3183.3698,3279.7336,1274.8290615420588,3079.243160060456,test
2017-05-06,,,1274.8290615420588,1274.8290615420588,
2017-05-07,,,1476.5178242215457,1476.5178242215457,
2017-05-07,2549.468,792.48755,1476.5178242215457,860.8905519534046,test
2017-05-08,,,1616.2122674762938,1616.2122674762938,
2017-05-08,3658.5540000000005,1241.028,1616.2122674762938,1278.546397646067,test
2017-05-09,,,1362.0147464272338,1362.0147464272338,
2017-05-09,1078.222,798.6244,1362.0147464272338,854.9633764981921,test
2017-05-10,,,368.7386221096665,368.7386221096665,
2017-05-11,,,1435.6388881654132,1435.6388881654132,
2017-05-11,449.469,1685.7102,1435.6388881654132,1660.7030489727913,test
2017-05-12,,,1683.795966437705,1683.795966437705,
2017-05-12,970.384,2337.4143,1683.795966437705,2272.0524482062706,test
2017-05-13,,,1368.0847802320882,1368.0847802320882,
2017-05-13,3066.378,1462.0869,1368.0847802320882,1452.6866518513339,test
2017-05-14,,,1617.2503126574657,1617.2503126574657,
2017-05-14,4182.062,3450.7346,1617.2503126574657,3267.3861640782466,test
2017-05-15,421.264,801.88495,1802.8502264946092,901.9814337822734,test
2017-05-15,,,1802.8502264946092,1802.8502264946092,
2017-05-16,221.024,42.148586,1591.9589580847241,197.1296230728767,test
2017-05-16,,,1591.9589580847241,1591.9589580847241,
2017-05-17,,,638.4265314012994,638.4265314012994,
2017-05-18,1830.508,3032.5056,1740.6321406298891,2903.318096875489,test
2017-05-18,,,1740.6321406298891,1740.6321406298891,
2017-05-19,4919.182,3990.3218,2018.8881991878236,3793.1783707000322,test
2017-05-19,,,2018.8881991878236,2018.8881991878236,
2017-05-20,2997.578,1704.8214,1727.4264959240634,1707.081882990844,test
2017-05-20,,,1727.4264959240634,1727.4264959240634,
2017-05-21,538.02,480.60925,1994.4872948654702,631.9970388127189,test
2017-05-21,,,1994.4872948654702,1994.4872948654702,
2017-05-22,,,2191.2716888022856,2191.2716888022856,
2017-05-22,336.56199999999995,1684.5074,2191.2716888022856,1735.1838095052285,test
2017-05-23,,,1984.6514623962848,1984.6514623962848,
2017-05-23,241.436,876.4764,1984.6514623962848,987.2938815911909,test
2017-05-24,,,1028.429665191496,1028.429665191496,
2017-05-25,,,2121.0920062977348,2121.0920062977348,
2017-05-25,886.026,1584.4231,2121.0920062977348,1638.0899135203986,test
2017-05-26,,,2383.204936833037,2383.204936833037,
2017-05-26,270.24,518.63947,2383.204936833037,705.0960063786163,test
2017-05-27,,,2069.392326035616,2069.392326035616,
2017-05-27,2084.908,1975.232,2069.392326035616,1984.648094908249,test
2017-05-28,,,2308.4119198473295,2308.4119198473295,
2017-05-28,1480.103,1427.7456,2308.4119198473295,1515.8122613206706,test
2017-05-29,691.108,750.1912,2472.0923193715457,922.3812900426233,test
2017-05-29,,,2472.0923193715457,2472.0923193715457,
2017-05-30,,,2228.0252230994547,2228.0252230994547,
2017-05-30,736.8904,1193.0029,2228.0252230994547,1296.5051590286955,test
2017-05-31,,,1230.8066667694748,1230.8066667694748,
2017-06-01,5058.362,2478.7717,2279.767935506718,2458.8713248006716,test
2017-06-01,,,2279.767935506718,2279.767935506718,
2017-06-02,135.70600000000002,713.90234,2496.3525897650775,892.1473439374453,test
2017-06-02,,,2496.3525897650775,2496.3525897650775,
2017-06-03,,,2136.0720825218104,2136.0720825218104,
2017-06-03,2952.036,2906.065,2136.0720825218104,2829.065704345931,test
2017-06-04,,,2328.5617081689757,2328.5617081689757,
2017-06-04,279.414,1350.3018,2328.5617081689757,1448.1277772622102,test
2017-06-05,,,2446.498137407836,2446.498137407836,
2017-06-05,491.11199999999997,148.37625,2446.498137407836,378.18843373590084,test
2017-06-06,,,2158.2737506393287,2158.2737506393287,
2017-06-06,31.349999999999998,81.6704,2158.2737506393287,289.33073199752664,test
2017-06-07,,,1119.221912281607,1119.221912281607,
2017-06-08,2227.038,2245.6243,2129.334199717838,2233.9951875499087,test
2017-06-08,,,2129.334199717838,2129.334199717838,
2017-06-09,939.1329999999999,848.06104,2310.626290450465,994.3175118575465,test
2017-06-09,,,2310.626290450465,2310.626290450465,
2017-06-10,2513.3430000000003,2086.4543,1919.0851653178452,2069.7173544224097,test
2017-06-10,,,1919.0851653178452,1919.0851653178452,
2017-06-11,,,2084.7194645241834,2084.7194645241834,
2017-06-11,1580.894,1687.5547,2084.7194645241834,1727.2711407883558,test
2017-06-12,,,2180.4742634343093,2180.4742634343093,
2017-06-12,1679.968,1826.8562,2180.4742634343093,1862.2179585699935,test
2017-06-13,1156.018,1567.8618,1874.9054120782255,1598.5661027312601,test
2017-06-13,,,1874.9054120782255,1874.9054120782255,
2017-06-14,,,823.4074365044328,823.4074365044328,
2017-06-15,,,1825.9358023451036,1825.9358023451036,
2017-06-15,4057.51,1984.2651,1825.9358023451036,1968.4322032813855,test
2017-06-16,2724.194,2190.603,2004.3799711992729,2171.9807217293023,test
2017-06-16,,,2004.3799711992729,2004.3799711992729,
2017-06-17,,,1614.5195853267119,1614.5195853267119,
2017-06-17,3896.672,2271.8457,1614.5195853267119,2206.113091345171,test
2017-06-18,,,1786.0852574336263,1786.0852574336263,
2017-06-18,1031.1555,872.7912,1786.0852574336263,964.1206107043001,test
2017-06-19,,,1891.6848473572406,1891.6848473572406,
2017-06-19,2115.941,2731.6284,1891.6848473572406,2647.634060907599,test
2017-06-20,,,1599.489972090576,1599.489972090576,
2017-06-20,1028.228,1971.2274,1599.489972090576,1934.05361146687,test
2017-06-21,595.656,1390.1128,564.4763500287138,1307.5490754325588,test
2017-06-21,,,564.4763500287138,564.4763500287138,
2017-06-22,579.019,1278.152,1586.1583954867883,1308.9526315408664,test
2017-06-22,,,1586.1583954867883,1586.1583954867883,
2017-06-23,,,1785.9741337687392,1785.9741337687392,
2017-06-24,1287.614,1791.6399,1419.2524468202153,1754.4010747601465,test
2017-06-24,,,1419.2524468202153,1419.2524468202153,
2017-06-25,,,1615.283844241881,1615.283844241881,
2017-06-25,1508.3519999999999,1143.7233,1615.283844241881,1190.8793365726256,test
2017-06-26,,,1746.2554104314415,1746.2554104314415,
2017-06-26,4224.136,2499.5212,1746.2554104314415,2424.194632840019,test
2017-06-27,,,1479.9444994899113,1479.9444994899113,
2017-06-27,1644.906,790.11084,1479.9444994899113,859.0941813943036,test
2017-06-28,,,470.9646637694336,470.9646637694336,
2017-06-29,4521.9912,1990.5675,1518.5041781537334,1943.3611600028732,test
2017-06-29,,,1518.5041781537334,1518.5041781537334,
2017-06-30,,,1743.7132368352202,1743.7132368352202,
2017-06-30,4721.977,1835.3959,1743.7132368352202,1826.227524855397,test
2017-07-01,639.83,590.5136,1401.6718969322444,671.6294089315057,test
2017-07-01,,,1401.6718969322444,1401.6718969322444,
2017-07-02,169.192,510.8633,1621.460081375372,621.9229856765998,test
2017-07-02,,,1621.460081375372,1621.460081375372,
2017-07-03,6963.4039999999995,4599.8887,1775.0904566012987,4317.40894800388,test
2017-07-03,,,1775.0904566012987,1775.0904566012987,
2017-07-04,,,1530.1989612386733,1530.1989612386733,
2017-07-05,476.35400000000004,1318.0884,541.286707134863,1240.4082117291114,test
2017-07-05,,,541.286707134863,541.286707134863,
2017-07-06,,,1607.453871716071,1607.453871716071,
2017-07-06,380.37800000000004,566.0135,1607.453871716071,670.1575270641853,test
2017-07-07,,,1849.7819269348265,1849.7819269348265,
2017-07-07,1620.25,2412.8877,1849.7819269348265,2356.5770696466075,test
2017-07-08,,,1523.2965488573318,1523.2965488573318,
2017-07-08,1980.2640000000001,3578.8662,1523.2965488573318,3373.3091470732334,test
2017-07-09,,,1757.0327813827266,1757.0327813827266,
2017-07-09,1671.214,1660.8625,1757.0327813827266,1670.4795232554602,test
2017-07-10,,,1922.963512562019,1922.963512562019,
2017-07-10,359.21399999999994,364.82635,1922.963512562019,520.6400707386238,test
2017-07-11,,,1688.6862558284888,1688.6862558284888,
2017-07-11,1728.892,1257.3097,1688.6862558284888,1300.4473609344113,test
2017-07-12,3.816,37.958633,708.6621392259983,105.0289832402268,test
2017-07-12,,,708.6621392259983,708.6621392259983,
2017-07-13,504.542,452.73624,1781.94786282132,585.6574022489289,test
2017-07-13,,,1781.94786282132,1781.94786282132,
2017-07-14,3598.9339999999997,1721.4514,2029.577065379535,1752.263980952016,test
2017-07-14,,,2029.577065379535,2029.577065379535,
2017-07-15,,,1706.5234918131257,1706.5234918131257,
2017-07-15,2132.229,1041.8894,1706.5234918131257,1108.3527886344375,test
2017-07-16,,,1941.7675326716883,1941.7675326716883,
2017-07-16,316.636,146.75174,1941.7675326716883,326.25332187068443,test
2017-07-17,,,2107.227142645145,2107.227142645145,
2017-07-17,2191.873,1839.3389,2107.227142645145,1866.127621491077,test
2017-07-18,2106.794,1187.1764,1870.448031772507,1255.5035434116257,test
2017-07-18,,,1870.448031772507,1870.448031772507,
2017-07-19,,,885.8468905915315,885.8468905915315,
2017-07-20,2283.208,1639.8167,1952.4482295365087,1671.0797838911508,test
2017-07-20,,,1952.4482295365087,1952.4482295365087,
2017-07-21,3685.944,2789.829,2191.2710624249157,2729.9732976487417,test
2017-07-21,,,2191.2710624249157,2191.2710624249157,
2017-07-22,556.3140000000001,273.39096,1857.2975906983827,431.7816236938617,test
2017-07-22,,,1857.2975906983827,1857.2975906983827,
2017-07-23,898.188,1857.3989,2079.545209602854,1879.6134565071604,test
2017-07-23,,,2079.545209602854,2079.545209602854,
2017-07-24,2399.96,67.05326,2230.0025871109633,283.3481934339967,test
2017-07-24,,,2230.0025871109633,2230.0025871109633,
2017-07-25,,,1976.3244563298738,1976.3244563298738,
2017-07-25,798.742,1205.3264,1976.3244563298738,1282.4261468048624,test
2017-07-26,,,973.0786418201808,973.0786418201808,
2017-07-26,2012.3020000000001,226.64508,973.0786418201808,301.28842448475245,test
2017-07-27,,,2019.4856806571477,2019.4856806571477,
2017-07-27,1142.68,1229.0111,2019.4856806571477,1308.0585534172774,test
2017-07-28,,,2236.807077650787,2236.807077650787,
2017-07-28,1170.5639999999999,480.00403,2236.807077650787,655.6843088392975,test
2017-07-29,,,1880.3141974591217,1880.3141974591217,
2017-07-29,1391.294,1442.3741,1880.3141974591217,1486.1681384959122,test
2017-07-30,,,2079.3590031315744,2079.3590031315744,
2017-07-30,523.376,1060.5029,2079.3590031315744,1162.3885370319074,test
2017-07-31,,,2206.307327396529,2206.307327396529,
2017-07-31,1558.028,1261.4729,2206.307327396529,1355.9562942630905,test
2017-08-01,2085.65,1220.2657,1929.2293028254853,1291.162066024736,test
2017-08-01,,,1929.2293028254853,1929.2293028254853,
2017-08-02,,,903.1405084943497,903.1405084943497,
2017-08-03,,,1927.7342822902224,1927.7342822902224,
2017-08-03,531.348,1213.6294,1927.7342822902224,1285.0399077212098,test
2017-08-04,,,2124.7613763473714,2124.7613763473714,
2017-08-04,20.07,271.7308,2124.7613763473714,457.0338616337606,test
2017-08-05,,,1749.9891421302345,1749.9891421302345,
2017-08-05,503.676,1293.0543,1749.9891421302345,1338.747815580211,test
2017-08-06,,,1933.2616799579732,1933.2616799579732,
2017-08-06,1424.026,1094.8789,1933.2616799579732,1178.7171592067348,test
2017-08-07,,,2047.4218987952352,2047.4218987952352,
2017-08-07,3479.624,1594.8885,2047.4218987952352,1640.1418480826485,test
2017-08-08,,,1760.9903996393496,1760.9903996393496,
2017-08-09,,,729.39504603719,729.39504603719,
2017-08-10,,,1752.6919867351387,1752.6919867351387,
2017-08-10,1823.0700000000002,578.1518,1752.6919867351387,695.6058075602326,test
2017-08-11,,,1952.9346244009873,1952.9346244009873,
2017-08-11,708.726,1440.8154,1952.9346244009873,1492.0273491588487,test
2017-08-12,,,1586.1230244382577,1586.1230244382577,
2017-08-12,3693.084,2356.4785,1586.1230244382577,2279.4428688500757,test
2017-08-13,,,1782.2554880272385,1782.2554880272385,
2017-08-13,2643.164,1779.4366,1782.2554880272385,1779.7184687245988,test
2017-08-14,,,1914.2434978191673,1914.2434978191673,
2017-08-14,440.736,409.42035,1914.2434978191673,559.9026517838698,test
2017-08-15,1949.872,668.3647,1650.585177340874,766.586715976275,test
2017-08-15,,,1650.585177340874,1650.585177340874,
2017-08-16,,,646.5913136334668,646.5913136334668,
2017-08-16,80.564,220.7772,646.5913136334668,263.3586095127607,test
2017-08-17,,,1702.1048468625097,1702.1048468625097,
2017-08-17,9517.287999999999,5901.432,1702.1048468625097,5481.499058905001,test
2017-08-18,,,1938.870407632679,1938.870407632679,
2017-08-18,7078.4839999999995,4962.4966,1938.870407632679,4660.133622794518,test
2017-08-19,512.446,291.22055,1612.4864285835915,423.34712308296855,test
2017-08-19,,,1612.4864285835915,1612.4864285835915,
2017-08-20,,,1852.4615310878733,1852.4615310878733,
2017-08-20,692.95,1805.095,1852.4615310878733,1809.8316023275374,test
2017-08-21,,,2031.136317191116,2031.136317191116,
2017-08-21,8551.054,6734.5005,2031.136317191116,6264.163924687861,test
2017-08-22,,,1816.3655762102678,1816.3655762102678,
2017-08-22,524.54,154.50125,1816.3655762102678,320.68767456438616,test
2017-08-23,,,862.7547746394064,862.7547746394064,
2017-08-23,4590.344,989.35754,862.7547746394064,976.6972303936282,test
2017-08-24,685.0560000000002,282.26932,1969.391507484135,450.9815244056401,test
2017-08-24,,,1969.391507484135,1969.391507484135,
2017-08-25,,,2257.2282281751723,2257.2282281751723,
2017-08-25,361.988,473.6226,2257.2282281751723,651.9831377589235,test
2017-08-26,,,1981.0484890652497,1981.0484890652497,
2017-08-26,190.66,422.58765,1981.0484890652497,578.4337063283999,test
2017-08-27,,,2269.5380761662764,2269.5380761662764,
2017-08-27,6190.538,6189.8833,2269.5380761662764,5797.848827147877,test
2017-08-28,1443.6319999999998,1166.4512,2494.2218370686132,1299.2282139802987,test
2017-08-28,,,2494.2218370686132,2494.2218370686132,
2017-08-29,,,2322.1608755376737,2322.1608755376737,
2017-08-29,235.46800000000002,975.3303,2322.1608755376737,1110.013328764705,test
2017-08-30,,,1407.2036494866734,1407.2036494866734,
2017-08-31,,,2547.7313316554137,2547.7313316554137,
2017-08-31,3162.83,1861.8954,2547.7313316554137,1930.4789437124164,test
2017-09-01,,,2864.0534526108763,2864.0534526108763,
2017-09-01,1261.81,1093.4214,2864.0534526108763,1270.4845688939001,test
2017-09-02,,,2610.385789381914,2610.385789381914,
2017-09-02,9354.854,6151.696,2610.385789381914,5797.564457844442,test
2017-09-03,,,2914.931650202726,2914.931650202726,
2017-09-03,1595.849,2251.4146,2914.931650202726,2317.766236309335,test
2017-09-04,,,3148.827161999594,3148.827161999594,
2017-09-04,5360.202,6499.451,3148.827161999594,6164.38857557496,test
2017-09-05,,,2978.8450867773695,2978.8450867773695,
2017-09-05,327.044,267.6636,2978.8450867773695,538.781740733401,test
2017-09-06,,,2058.6506040718155,2058.6506040718155,
2017-09-07,3848.565,4932.2427,3186.5493682505457,4757.673003231304,test
2017-09-07,,,3186.5493682505457,3186.5493682505457,
2017-09-08,2184.327,3164.216,3482.8838584977107,3196.082819443521,test
2017-09-08,,,3482.8838584977107,3482.8838584977107,
2017-09-09,4356.061,6786.9653,3202.010030252426,6428.469557712742,test
2017-09-09,,,3202.010030252426,3202.010030252426,
2017-09-10,,,3472.375508160851,3472.375508160851,
2017-09-10,2506.646,1852.7621,3472.375508160851,2014.723390659835,test
2017-09-11,,,3665.4600568138812,3665.4600568138812,
2017-09-11,5564.006,4709.602,3665.4600568138812,4605.187607243888,test
2017-09-12,,,3448.473019691777,3448.473019691777,
2017-09-12,491.54999999999995,1504.1704,3448.473019691777,1698.6005978676153,test
2017-09-13,15.92,139.58667,2475.601356509438,373.1881340029946,test
2017-09-13,,,2475.601356509438,2475.601356509438,
2017-09-14,4367.347,4227.3433,3545.7488024235545,4159.183766961105,test
2017-09-14,,,3545.7488024235545,3545.7488024235545,
2017-09-15,,,3779.922396436924,3779.922396436924,
2017-09-15,7285.026,5819.8794,3779.922396436924,5615.883352924942,test
2017-09-16,,,3433.1986245153466,3433.1986245153466,
2017-09-16,849.65,2030.5034,3433.1986245153466,2170.7728653812223,test
2017-09-17,,,3634.790654309571,3634.790654309571,
2017-09-17,4979.226,5497.498,3634.790654309571,5311.227112305957,test
2017-09-18,1511.93,3542.0994,3756.9776278056315,3563.587167077438,test
2017-09-18,,,3756.9776278056315,3756.9776278056315,
2017-09-19,,,3467.7909191812823,3467.7909191812823,
2017-09-19,1648.188,2527.2878,3467.7909191812823,2621.3381739493784,test
2017-09-20,,,2422.251186036625,2422.251186036625,
2017-09-20,7359.918,1803.58,2422.251186036625,1865.4470424317874,test
2017-09-21,338.172,1518.066,3420.0969121172993,1708.2690906257924,test
2017-09-21,,,3420.0969121172993,3420.0969121172993,
2017-09-22,,,3583.160836352996,3583.160836352996,
2017-09-22,7871.213,4681.7915,3583.160836352996,4571.9283883228,test
2017-09-23,2395.786,4002.2346,3167.326631707935,3918.743649498919,test
2017-09-23,,,3167.326631707935,3167.326631707935,
2017-09-24,6450.4619999999995,6780.139,3302.5873980487913,6432.383739804879,test
2017-09-24,,,3302.5873980487913,3302.5873980487913,
2017-09-25,,,3361.9669918954637,3361.9669918954637,
2017-09-25,1412.213,3169.9565,3361.9669918954637,3189.1573925489215,test
2017-09-26,,,3014.1991273607637,3014.1991273607637,
2017-09-26,1486.576,912.90063,3014.1991273607637,1123.0304474040452,test
2017-09-27,,,1914.958076364563,1914.958076364563,
2017-09-28,,,2864.5816422080898,2864.5816422080898,
2017-09-28,559.271,1156.9452,2864.5816422080898,1327.7087745723716,test
2017-09-29,1944.08,2784.8804,2985.442757716323,2804.9366097560073,test
2017-09-29,,,2985.442757716323,2985.442757716323,
2017-09-30,540.76,889.3448,2533.9020129263363,1053.8004796129462,test
2017-09-30,,,2533.9020129263363,2533.9020129263363,
2017-10-01,2978.466,2957.9888,2640.3626085377937,2926.2262022600294,test
2017-10-01,,,2640.3626085377937,2640.3626085377937,
2017-10-02,5418.022,2447.5173,2678.188685881113,2470.5844935881114,test
2017-10-02,,,2678.188685881113,2678.188685881113,
2017-10-03,,,2316.3818972774293,2316.3818972774293,
2017-10-03,2504.48,1454.7737,2316.3818972774293,1540.9344543761804,test
2017-10-04,,,1210.8099810037477,1210.8099810037477,
2017-10-04,19.98,65.16238,1210.8099810037477,179.72713533792358,test
2017-10-05,6684.616,2531.7354,2161.9279629279426,2494.7545638709194,test
2017-10-05,,,2161.9279629279426,2161.9279629279426,
2017-10-06,1499.652,1272.9949,2292.1482994647263,1374.9101424464727,test
2017-10-06,,,2292.1482994647263,2292.1482994647263,
2017-10-07,,,1857.7922496151102,1857.7922496151102,
2017-10-07,2749.21,1983.1371,1857.79224961511,1970.6025892193236,test
2017-10-08,608.356,468.73145,1989.1439760872438,620.7726739759119,test
2017-10-09,1496.589,2763.6196,2059.3683527511307,2693.194403634488,test
2017-10-10,239.358,160.13707,1737.1873909456135,317.8420911453426,test
2017-10-12,5635.354,5020.981,1682.1496242989767,4687.097774929898,test
2017-10-13,8405.802,2995.732,1871.2046794356884,2883.2791593498187,test
2017-10-14,134.332,1201.9729,1501.003348235934,1231.8759695892184,test
2017-10-15,1017.94,3083.784,1701.1651957813453,2945.5220371562596,test
2017-10-16,3473.5969999999998,2368.2878,1844.1221932084738,2315.8712036958473,test
2017-10-17,126.352,384.20837,1597.8003395941496,505.5675705805087,test
2017-10-19,2781.8702000000003,3997.0535,1700.400241201995,3767.3881686514496,test
2017-10-20,1333.858,2479.745,1969.390127360193,2428.7095205485193,test
2017-10-21,4537.201,1210.4515,1678.5818835597213,1257.2645604262846,test
2017-10-22,15158.877,4135.594,1956.6050164893932,3917.6951696176893,test
2017-10-23,3352.3940000000002,2631.0225,2174.8959105198874,2585.4097570676136,test
2017-10-24,529.0849999999999,390.3408,2000.3933000279574,551.346031662952,test
2017-10-26,999.868,3177.456,2232.2696034119303,3082.9374095599433,test
2017-10-27,1086.32,3983.6738,2556.9199223634478,3840.99838872072,test
2017-10-28,408.726,804.5237,2314.6959897859215,955.5408880410921,test
2017-10-29,46.96,520.7678,2633.5131661491673,732.0423566539793,test
2017-10-30,4025.7299999999996,1915.3104,2884.19543154658,2012.198840029658,test
2017-10-31,523.928,296.48846,2733.185239279204,540.1581235372954,test
2017-11-01,2921.43,832.15063,1833.8066041545696,932.316207290457,test
2017-11-02,6294.386,4121.409,2984.0216017133694,4007.670226577587,test
2017-11-03,4536.937,4557.4717,3303.8361020519083,4432.108219580191,test
2017-11-04,10668.096,2744.6816,3047.28649489929,2774.942028396179,test
2017-11-05,2355.064,3203.3076,3342.528341774324,3217.2296408180573,test
2017-11-06,4288.75,5846.988,3560.787343572255,5618.367796857226,test
2017-11-07,2413.378,2198.7612,3369.0669327575597,2315.791703041381,test
2017-11-08,384.1,334.66174,2421.4057177988875,543.3361284205138,test
2017-11-09,4751.492,4377.6167,3516.6248933546462,4291.517469804215,test
2017-11-10,4007.5480000000002,4274.147,3775.721460526802,4224.304323787055,test
2017-11-11,1815.2179999999998,1656.5034,3453.8391220507156,1836.2369395488215,test
2017-11-12,2911.386,3029.9724,3680.3379860986734,3095.0088962661175,test
2017-11-13,6633.4202000000005,3771.75,3827.723754021992,3777.347326574074,test
2017-11-14,834.6579999999999,1365.481,3564.3310742832696,1585.365968756452,test
2017-11-15,559.2,242.49832,2545.5547437459263,472.8039637544755,test
2017-11-16,4755.234,4515.954,3571.5693958089696,4421.5155821590215,test
2017-11-17,13694.8828,4450.5884,3764.6941073784933,4381.998951753474,test
2017-11-18,1469.756,4378.4854,3381.3344263984463,4278.770161389844,test
2017-11-19,7397.272,6625.0947,3552.0236249516147,6317.787323432662,test
2017-11-20,2988.274,4309.058,3650.3245427318598,4243.184553882561,test
2017-11-21,2236.1839999999997,2829.8853,3345.487393599266,2881.4454678755515,test
2017-11-22,35.712,376.50156,2293.657889560083,568.2171683505395,test
2017-11-23,1153.109,5089.632,3295.576959286905,4910.226152959941,test
2017-11-24,4959.641,6294.42,3473.929077175507,6012.370446780051,test
2017-11-25,3666.157,2627.6887,3085.272217742691,2673.446899508644,test
2017-11-26,5048.1720000000005,3458.5583,3260.0716665221316,3438.709559230338,test
2017-11-27,1618.254,3047.0398,3371.599377323899,3079.495631091765,test
2017-11-28,6912.944,3338.3457,3088.5944604768756,3313.3704323758125,test
2017-11-29,491.888,258.24576,2066.4792458983407,439.0690976855372,test
2017-11-30,6645.282,3672.1543,3105.0721586545615,3615.445936568581,test
2017-12-01,5331.178,4272.0234,3325.9542517268133,4177.416470094557,test
2017-12-02,9951.182,3316.934,2984.422107647136,3283.6826892803388,test
2017-12-03,1403.842,3592.0,3209.548909269524,3553.7546956144524,test
2017-12-04,2639.638,2853.5415,3373.1148179280085,2905.498737652176,test
2017-12-05,1453.136,6546.5684,3142.3015822132475,6206.141291033825,test
2017-12-06,10.68,71.36785,2170.945063859502,281.3255702287237,test
2017-12-07,2916.514,2223.2302,3257.2860819741945,2326.635712689607,test
2017-12-08,7643.041,8121.5347,3521.3755242892785,7661.518411803928,test
2017-12-09,5470.39,5019.0034,,,test
2017-12-10,3873.5589999999997,3998.5408,,,test
2017-12-11,2823.965,4492.5894,,,test
2017-12-13,580.936,963.515,,,test
2017-12-14,3897.714,3127.495,,,test
2017-12-15,306.88800000000003,925.82184,,,test
2017-12-16,858.702,1941.2694,,,test
2017-12-17,2027.758,2311.6914,,,test
2017-12-18,3645.911,2445.9988,,,test
2017-12-19,1895.926,860.2343,,,test
2017-12-20,377.736,367.59186,,,test
2017-12-21,2140.94,1831.014,,,test
2017-12-22,7442.021,4943.924,,,test
2017-12-23,1926.776,2936.2737,,,test
2017-12-24,6233.054,3372.8596,,,test
2017-12-25,2698.927,4772.2163,,,test
2017-12-26,814.5939999999999,579.99286,,,test
2017-12-27,177.636,185.08835,,,test
2017-12-28,1657.3508000000002,3841.0461,,,test
2017-12-29,2915.534,1192.6893,,,test
2017-12-30,713.7900000000001,825.349,,,test
